{
    "bin_1": [
        0.0008504728166055684,
        0.04847368621162854
    ],
    "bin_2": [
        0.04847368621162854,
        0.08484103979920649
    ],
    "bin_3": [
        0.08484103979920649,
        0.14131527318942577
    ],
    "bin_4": [
        0.14131527318942577,
        0.3632377098401469
    ],
    "bin_5": [
        0.3632377098401469,
        0.7230627301613588
    ],
    "bin_6": [
        0.7230627301613588,
        0.9339649653970055
    ]
}